,comment,cleaned_comment
0,"سلام، قبل اینکه نظرم رو بگم میخواستم به یک موضوع مهم اشاره کنم که نظراتی که ما برای کالاها ثبت میکنیم خیلی مهم هستن، چون بسیاری از مردم عزیز با استناد به این نظرات یک کالا رو خریداری میکنن. پس بهتره ک نظر غیر کارشناسی و الکی ندیم.

من ۲سال این پاور بانک رو دارم، برای ۲نفر اشنا هم خریدم، پیشنهاد ویژه بود خریدم، واقعا از هر نظر عالیه، بعد گذشت ۲سال هنوزم ۵بار ایفون se رو شارژ میکنه، در خصوص زمان شارژ گفته بودن دوستان، اگر با کابل خود پاور شارژ کنید حدود ۶ساعت فول میشه، اما اگر هر کابل دیگه ای وصل کنید ۱۲تا۱۸ ساعت طول میکشه.
همزمان با این پاور یک adata 10000 هم برای همسرم خریدم ، اونم خوب درومد ولی حدود ۳۰‎٪ افت داشته و کمتر بازدهی شارژ داره.

طبق تجربه من و اطرافیانم ک شیائومی داشتن، اگر کالایی ک میخرید اصل باشه(فیک زیاد داره) واقعا شیائومی حرف اول و میزنه، 
anker هم برند خیلی خوب ولی گرونه، هفته پیش از دیجی خریدم a1214 اونم واقعا سبک و عالیه و بازدهی بالایی داره.(۲خروجی هوشمند داره،مجموع ۳امپر میده،حداکثر یک خروجی ۲.۴ میده)

ببخشید طولانی شد.",سلام قبل اینکه نظرم بگم میخواستم به یک موضوع مهم اشاره کنم که نظراتی که ما برای کالاها ثبت می‌کنیم خیلی مهم هستن چون بسیاری مردم عزیز استناد به این نظرات یک کالا خریداری میکنن پس بهتره ک نظر غیر کارشناسی الکی ندیم من 2سال این پاور بانک دارم برای 2نفر اشنا هم خریدم پیشنهاد ویژه‌بود خریدم واقعا هر نظر عالیه بعد گذشت 2سال هنوزم 5بار ایفون se شارژ میکنه خصوص زمان شارژ گفته بودن دوستان اگر خود پاور شارژ کنید حدود 6ساعت فول میشه اما اگر هر دیگه‌ای وصل کنید 12تا18 میکشه همزمان این پاور یک adata هم برای همسرم خریدم اونم خوب درومد ولی حدود 30٪ افت داشته کمتر بازدهی شارژ داره طبق تجربه من اطرافیانم ک شیائومی داشتن اگر کالایی ک میخرید اصل باشه فیک زیاد داره واقعا شیائومی حرف اول میزنه anker هم برند خیلی خوب ولی گرونه هفته دیجی خریدم a1214 اونم واقعا سبک عالیه بازدهی بالایی داره .( 2خروجی داره مجموع 3امپر میده حداکثر یک خروجی 2.4 میده ببخشید طولانی شد
1,بوی تند ولی خوشبو داره.ماندگاریش خوبه و هر چقدر میگذره خوشبوتر میشه..,بوی تند ولی داره ماندگاریش خوبه هر چقدر میگذره خوشبوتر میشه ..
2,متاسفانه عمر مفید این ماشین کم هست و بعد از دو سال دیگه با باطری کار نمیکنه و گیر میکنه به نحوی که هیچیک از دکمه ها کار نمیکنه تا چند ساعت در این حالت میمونه دوباره با اتصال به برق کار میکنه,متاسفانه عمر مفید این هست بعد سال دیگه باطری نمیکنه میکنه به نحوی که هیچیک دکمه‌ها نمیکنه تا این میمونه دوباره اتصال به میکنه
3,افا از وقتی من اینو واسه پسرم خریدم همه بچه های فامیل عاشقش شدن واسه سوار شدنش یک دعوایی میکنن که واویلا جالب اینجاست همشونم دوچرخه وسه چرخه دارن اما نمیدونم این چی ئاره که دخترو پسر سر این باهم دعوا میکنن .شاید باورتون نشه بچه باجناقم به خاطر این تب کرده میگه من فقط اینو میخوام .....پرسنل زحمتکش دیجی کالا لطفا اینو موجود کنید بچه داره ازدست میره  ... خیلی ممنون.,افا وقتی من اینو واسه پسرم خریدم بچه‌های فامیل عاشقش شدن واسه سوار شدنش یک دعوایی میکنن که واویلا جالب اینجاست همشونم وسه چرخه دارن اما نمیدونم این چی ئاره که دخترو پسر این باهم دعوا میکنن شاید باورتون نشه باجناقم به خاطر این کرده میگه من فقط اینو میخوام ..... پرسنل زحمتکش دیجی کالا لطفا اینو موجود کنید داره ازدست میره ... خیلی ممنون
4,این تیغ محصول کشور آمریکا هست ( در عکس محصول مشخص هست ) و توسط شرکت پلیکان در ایران توزیع میشه (در سایت شرکت پلیکان ایران ذکر شده). کیفیت کلی اصلاح مناسب هست و انتظارات شما از محصولی از کشور سازنده را برآورده میکنه. ایرادی که من باهاش برخوردم نقطه اتصال خیلی ضعیف تیغ به دسته هست که با کمترین فشاری ممکنه بشکنه و غیرقابل استفاده باشه، البته نقطه اتصال ضعیف مربوط به قسمت تعویض شونده هست و دسته مشکلی ندارد.,این محصول کشور آمریکا هست محصول مشخص هست توسط شرکت پلیکان ایران توزیع میشه سایت شرکت پلیکان ایران ذکر‌شده‌). کیفیت کلی مناسب هست انتظارات شما محصولی کشور سازنده را برآورده میکنه ایرادی که من باهاش برخوردم نقطه اتصال خیلی ضعیف به هست که کمترین فشاری ممکنه بشکنه غیرقابل استفاده باشه البته نقطه اتصال ضعیف مربوط به قسمت تعویض شونده هست مشکلی ندارد
5,"سرعت گرم و علی الخصوص سرد کردن خیلی پایین هست
شیک و باکلاسه",سرعت علی‌الخصوص سرد کردن خیلی پایین هست شیک باکلاسه
6,"امیوارم کیفیتش همینطور بمونه
من مدت هاس ازین برند استفاده میکنم و راضی ام",امیوارم کیفیتش همینطور بمونه من مدت هاس ازین برند استفاده میکنم راضی
7,الان حدود یک سالی هست که دارمش و خیلی راضی ام ازش,الان حدود یک سالی هست که دارمش خیلی راضی‌ام ازش
8,حدود یک ساله دارمش راضی ام ازش نسبت به قیمتش مناسبه,حدود یک ساله دارمش راضی‌ام ازش نسبت به قیمتش مناسبه
9,"سلام و خسته نباشید به تمامی کارکنان و بازدید کنندگان سایت معتبر دیجی کالا.
عزیزانی که برای خرید این هدفون شک دارند باید بگویم که بنده سالهای سال هست که از برند کریتیو استفاده میکنم و تقریبا با تمامی هدفون ها و هدست های این شرکت کار کردم.بنابراین با قاطعیت تمام میگویم که بی کیفیت ترین هدفون و وسیله ی گوش دادان به موسیقی این شرکت هست و پیشنهاد میکنم برای خرید هدفون مبلغی بیشتر  پراخت کنید و مودلی دیگر از این برند تهیه کنید.
با تشکر",سلام خسته نباشید به تمامی کارکنان بازدید‌کنندگان سایت معتبر دیجی کالا عزیزانی که برای این شک دارند باید بگویم که بنده سالهای سال هست که برند کریتیو استفاده میکنم تقریبا تمامی هدفون‌ها هدست‌های این شرکت کردم بنابراین قاطعیت میگویم که بی‌کیفیت ترین وسیله دادان به این شرکت هست پیشنهاد میکنم برای مبلغی بیشتر پراخت کنید مودلی دیگر این برند تهیه کنید تشکر
10,"بهترین روغن موتور برای موتورهای پژو همین روغنه
به توتال ایرانی و کاسترول مگناتک هم ریختم ولی هیچ کدوم به کیفیت این روغن توتال اماراتی نبودن
80000 کیلومتری هست که با این روغنم و اصلا عوضش نمی کنم
با تشکر از دیجی کالا",بهترین برای موتورهای پژو همین روغنه به توتال ایرانی کاسترول مگناتک هم ریختم ولی هیچ کدوم به کیفیت این توتال اماراتی نبودن کیلومتری هست که این روغنم اصلا عوضش نمی‌کنم تشکر دیجی کالا
11,اگر با قیمتش مشکلی ندارید نسبت به صداش شک نکنید عالیه، این تجربه ۲ سال استفاده بنده است. بلوتوثش خیلی سریع وصل میشه، صداش واضح و با بیس قوی هست و میتونید میزان صدای خواننده یا بیس را کنترل کنید,اگر قیمتش مشکلی ندارید نسبت به صداش شک نکنید عالیه این تجربه سال استفاده بنده است بلوتوثش خیلی سریع وصل میشه صداش واضح بیس قوی هست میتونید میزان صدای خواننده یا بیس را کنید
12,سلام. دوستان این هدست با توجه به قیمتش فوق العادست. درضمن من از فروشگاه اختصاصی  این دستگاه برنامه ای خیلی خوب و با کیفیتی رو به صورت رایگان دانلود کردم. اما اگر کیفیتش رو با هدست های چند میلیونی که با یک کامپیوتر گیمینک کار میکنند مقایسه کنیم قطعا این مدل که انرژی مورد نیازشو از یک گوشی میگیره کم تره. ولی با این حال اون قدر فوق العادست که این اصلا اهمیت نداره. در ضمن اگر یه نرم افزار رویه گوشیتون نصب کنید میتونید اجرای خودکار رو غیر فعال کنید و برنامه هایی رو هم که در فروشگاه اختصاصی این دستگاه نیست رو اجرا کنید.,سلام دوستان این توجه به قیمتش فوق العادست درضمن من فروشگاه اختصاصی این برنامه‌ای خیلی خوب کیفیتی به رایگان دانلود کردم اما اگر کیفیتش هدست‌های میلیونی که یک گیمینک می‌کنند مقایسه کنیم قطعا این که انرژی مورد نیازشو یک میگیره تره ولی این حال اون قدر فوق العادست که این اصلا اهمیت نداره ضمن اگر یه رویه گوشیتون نصب کنید میتونید اجرای غیر فعال کنید برنامه‌هایی هم که فروشگاه اختصاصی این نیست اجرا کنید
13,حدود دوسال و نیم هست که5عددش رو خریدیم.یکیش خراب بود که رفت گارانتی و یک سالم دادن بهمون.طی این 2سال میانگین هفته ای2بار شارژش کردم ولی با این حال هنوز هم خوب شارژ میده ولی مشکلی که هست مقداری باد کرده که طبیعیه به نظرم بعد از این همه مدت و استفاده.یه نکته درباره این پاوربانک این که شارژ1امپرش فیت شارٓه و خیلی سریع تر از2امپر شارژ میکنه!,حدود دوسال هست که5عددش خریدیم یکیش خراب‌بود که رفت گارانتی یک سالم دادن بهمون طی این 2سال میانگین هفته ای2بار شارژش کردم ولی این حال هنوز هم خوب شارژ میده ولی مشکلی که هست مقداری باد کرده که طبیعیه به نظرم بعد این مدت استفاده یه نکته درباره این این که شارژ1امپرش فیت شارٓه خیلی سریع تر از2امپر شارژ میکنه
14,"با سلام به دوستان
این پاوربانک رو تقریبا 3 ساله دارم و از دیجی کالا خریدم تا حالا بعد از هربار استفاده بیشتر ازش خوشم اومده ، خدمتتون عرض کنم که هرکدوم از دوستان و آشنایان که با راهنمایی بنده این پاوربانک رو تهیه کردن عرایض بنده رو تایید کردن و به دیگران هم پیشنهاد خریدشو دادن. از لحاظ کلاس و کارایی در رده های نخست قرار داره، به نظر من از خریدش پشیمون نمیشید.",سلام به دوستان این تقریبا ساله دارم دیجی کالا خریدم تا حالا بعد هربار استفاده بیشتر ازش خوشم اومده خدمتتون عرض کنم که هرکدوم دوستان آشنایان که راهنمایی بنده این تهیه کردن عرایض بنده تایید کردن به دیگران هم پیشنهاد خریدشو دادن لحاظ کلاس کارایی رده‌های نخست قرار داره به نظر من خریدش پشیمون نمیشید
15,"من این عطر رو برای هدیه دادن گرفتم، بنابرین وکیومش رو باز نکردم پس نمی تونم در مورد رایحه و موندگاری و پخش بو نظر بدم، هرچند تو مغازه ها این عطرو تست کردم، بوی شیرین و خنکیه خوبی داشت اما چون از نظر اصالت با هم متفاوتن نمیتونم بگم اون رایحه مربوط به این عطر هم بشه!
چیزی که می خواستم بگم در مورد اورجینال بودن این عطر شک نکنین.
من با همین حدود قیمت (تازه بدون تخفیف و...) این ادوتویلت رو توی مغازه ها دیدم، مغازه دار ها هم عنوان میکردن اصله، و ظاهرا کاملا شبیه بود، اما عطر داخل شیشه زرد رنگ بود، نه مثل این یاسی",من این برای دادن گرفتم بنابرین وکیومش نکردم پس نمی‌تونم مورد رایحه موندگاری بو نظر بدم هرچند تو مغازه‌ها این عطرو کردم بوی شیرین خنکیه خوبی داشت اما چون نظر هم متفاوتن نمیتونم بگم اون رایحه مربوط به این هم بشه چیزی که می‌خواستم بگم مورد اورجینال بودن این شک نکنین من همین حدود قیمت تازه بدون تخفیف ...) این ادوتویلت توی مغازه‌ها دیدم مغازه دار‌ها هم عنوان میکردن اصله ظاهرا کاملا شبیه‌بود اما زرد رنگ‌بود نه مثل این یاسی
16,"در هنگام پیاده روی وقتی تو جیبتونه و یا تو دستتون نگهداشتین در بعضی مواقع قطع و وصل میشه که اگر خیلی حساس باشید شاید اذیت بشید.کیفیت مکالمه و اسپیکرش خیلی خوبه،فکر نمی کردم زیر پیراهن و روپوش بیمارستان اینقدر خوب صدا رو منتقل کنه
دور گردن به خوبی قرار می گیره اما شاید بعضی مواقع جا به جا بشه.حدود ده متر برد داره و بعد صدا قطع میشه.گوشی هاش جالبه وقتی اهنربای گوشی ها به هم وصله میتونید با گوشی هم به تلفن ها پاسخ بدید.",هنگام پیاده روی وقتی تو جیبتونه یا تو دستتون نگهداشتین بعضی مواقع قطع وصل میشه که اگر خیلی حساس باشید شاید اذیت بشید کیفیت مکالمه اسپیکرش خیلی خوبه فکر نمی‌کردم روپوش بیمارستان اینقدر خوب منتقل کنه به خوبی قرار می‌گیره اما شاید بعضی مواقع به بشه حدود ده برد داره بعد قطع میشه هاش جالبه وقتی اهنربای گوشی‌ها به هم وصله میتونید هم به تلفن‌ها پاسخ بدید
17,"سلام
خوبه جلوی گرد و خاک میگیرهه
 بو کمتری تو ماشین میپیچه نسبت به قبل نداشتن 
خیلی بهتر شده
پیشنهاد میدم پشیمون نمیشین",سلام خوبه جلوی گرد میگیرهه بو کمتری تو میپیچه نسبت به قبل نداشتن خیلی بهتر پیشنهاد میدم پشیمون نمیشین
18,"من این مودم رو یک ساله دارم واقعاااا بی نظیره.همه سیم کارتا روش جواب میده
این مودم قابلیت LTE Only هم داره که میتونین روی شبکه 4G قفل کنید که توی محله ما این امکان خیلی خوبه چون تو گوشی ۴جی فقط یه خط آنتن میده و سریع سوئیچ میشه رو ۳جی
تنها ضعفی که دیدم نمیشه مثل مودم های هواوی به برنامه lte watch  متصلش کرد تا جژییات آنتن دهی رو مشاهده کرد
ما تو خونه این مودم رو خانوادگی استفاده میکنیم و همیشه بصورت ۲۴ ساعته روشنه و هیچ ایرادی هم ندیدم تا حالا!!!
راسی یه قابلیت هم داره که میتونی تعین بکنی تا چند گیگ یا مگ که اینترنت استفاده شد دیتا رو قطع کنه!!البته این امکان برای مصرف کل مودم هست ! نه برای یه شخص خاص",من این یک ساله دارم واقعاااا بی‌نظیره کارتا روش جواب میده این قابلیت LTE Only هم داره که میتونین روی کنید که توی محله ما این امکان خیلی خوبه چون تو 4جی فقط یه میده سریع میشه 3جی تنها ضعفی که دیدم نمیشه مثل مودم‌های هواوی به برنامه lte متصلش کرد تا جژییات مشاهده کرد ما تو خونه این خانوادگی استفاده می‌کنیم همیشه بصورت ساعته روشنه هیچ ایرادی هم ندیدم تا حالا !!! راسی یه قابلیت هم داره که میتونی تعین بکنی تا گیگ یا مگ که استفاده شد دیتا قطع کنه !! البته این امکان برای کل هست نه برای یه شخص خاص
19,ارزش خرید نداره. هزینه بیشتر بکنید و گزینه های بهتر خریداری کنین.,ارزش نداره هزینه بیشتر بکنید گزینه‌های بهتر خریداری کنین
20,دوستان عزیز توجه کنند که این دانگل برای کامپیوتر های فاقد بلوتوث هست و سیستم های دارای بلوتوث به راحتی میتوانند دسته بازی را با سیم و همینطور بدون سیم با استفاده از نرم افزار هایی مثل (input mapper) به دستگاه خود متصل کنند.,دوستان عزیز توجه کنند که این برای کامپیوتر‌های فاقد هست سیستم‌های دارای به میتوانند را همینطور بدون استفاده نرم‌افزار‌هایی مثل input mapper به خود متصل کنند
21,من نمیدونم چرا میگید صداش زیاده. به نظرم صداش کاملا طبیعیه و زیاد نیست. پرینتش خوبه اما کپیش ضعیفه. اسکنش هم خوبه,من نمیدونم چرا میگید صداش زیاده به نظرم صداش کاملا طبیعیه زیاد نیست پرینتش خوبه اما کپیش ضعیفه اسکنش هم خوبه
22,"سال ۹۵ خریدم
واقعاً جون دار و با کیفیته
 نمای خوبی به میز تلویزیون داده
کیفیت ساختش فوقولادست
متشکرم",سال خریدم واقعا جون‌دار کیفیته نمای خوبی به داده کیفیت ساختش فوقولادست متشکرم
23,"اگر به دنبال یک mp3 player کوچک و با کیفیت هستین پیشنهاد میکنم بخرید ،
 من خیلی وقت بود دنبال یک پلیر میگشتم و بعد از کلی تحقیق این پیلیر رو انتخاب کردم ،
امکان ضبط صدا و پخش آن که نسبت به قیمت عالیه برای کلاس های آموزشی و تهیه گزارش با هزینه کم،
نسبت به قیمتش خوبه. هم از لحاظ قیمت و هم کیفیت راضی هستم . ممنون دیجی کالا من که راضیم",اگر به دنبال یک mp3 player کیفیت هستین پیشنهاد میکنم بخرید من خیلی وقت‌بود دنبال یک میگشتم بعد کلی تحقیق این پیلیر انتخاب کردم امکان آن که نسبت به قیمت عالیه برای کلاس‌های تهیه گزارش هزینه نسبت به قیمتش خوبه هم لحاظ قیمت هم کیفیت راضی هستم ممنون دیجی کالا من که راضیم
24,"سلام دوستان...
من این ابزار رو 2 سال پیش از دیجی خریدم... واقعاً از خریدم راضیم.
کیفیت خوبی داره و به خاطر کوچک بودنش همیشه همراهمه و توی کیفم...
اوایل از کوچک بودنش ناراحت بودم و حالا بعد دو سال فهمیدم که این حُسنه.
چاقواش حدوداً تیز هست و به اصطلاح کار  رو راه میندازه.+
به نظر من هرکس باید یه دونه از اینا همراهش داشته باشه... این چاقو همه کاره یه جاهایی به کارتون میاد که خودتون هم فکرش رو نمی کنید...
یا علی...",سلام دوستان ... من این سال دیجی خریدم ... واقعا خریدم راضیم کیفیت خوبی داره به خاطر بودنش همیشه همراهمه توی کیفم ... اوایل بودنش ناراحت‌بودم حالا بعد سال فهمیدم که این حسنه چاقواش حدودا تیز هست به اصطلاح راه میندازه .+ به نظر من هرکس باید یه دونه اینا همراهش داشته باشه ... این یه جاهایی به کارتون میاد که خودتون هم فکرش نمی‌کنید ... یا علی ...
25,"من سال ۹۵ این هارد رو خریدم و اولین نظر رو هم نوشتم برای این هارد بنظرم اگه از هاردتون خوب نگهداری کنید خراب نمیشه البته من خیلی زیاد استفاده نمیکنم و نزدیک ۱ ترا بایت اطلاعات روی هاردم نگهداری میکنم و گهگداری ازشون استفاده میکنم و بعد از این مدت هارد مثل روز اولش هست.
کسایی که زیادوهاردشون رو میدن اینور اونور بنظرم این مدلو تهیه نکنن و برن از انواع ضد ضربه بگیرن.
حالا کسی که همون روزای اول هاردش خراب میشه یا اتفاقی براش میوفته قطعا از شانس بدش هست دیگه این هارد اونقد الکی نیست که به این راحتی هام خراب بشه.",من سال این خریدم اولین نظر هم نوشتم برای این بنظرم اگه هاردتون خوب کنید خراب نمیشه البته من خیلی زیاد استفاده نمیکنم نزدیک ترا بایت اطلاعات روی هاردم میکنم گهگداری ازشون استفاده میکنم بعد این مدت مثل روز اولش هست کسایی که زیادوهاردشون میدن اینور اونور بنظرم این مدلو تهیه نکنن برن ضربه بگیرن حالا کسی که همون روزای اول هاردش خراب میشه یا اتفاقی براش میوفته قطعا شانس بدش هست دیگه این اونقد الکی نیست که به این هام خراب بشه
26,"زیباست، قیمت عالی ای داره، کیفیت عالی به همچنین.
آپدیت:
من یک دونه دیگه خریدم.
بسیار موس پد راضی کننده ای بود.",زیباست قیمت عالی‌ای داره کیفیت عالی به همچنین آپدیت من یک دونه دیگه خریدم بسیار راضی کننده‌ای بود
27,من دوساله خریدم عالی بود عالی ،  مرسی دیجی کالا,من دوساله خریدم عالی‌بود عالی مرسی دیجی کالا
28,"من این سرخ کن رو از دیجی خریدم ولی پیشنهادات نبود نظر بدم شاید یه مدله شبیه این ولی نکته اینجاس
تمیز کردن ظرف سرخ کن دشواره طوری که اکثر مواقعسیب زمینی یا همبرگرو ترجیح میدم با تابه سرخ کنم 
در ضمن شپا اگر به چیزی روغن نزنین کم بزنین ،لذیذ نخواهد شد و سالم هست و این نکته منفیه خیلیا با خودشون میگن بخریم روغن کم میزنیم سالمه در حالی که خوشمزگی غذا هم گرفته میشه ایجوری
اپا نکته مثبتی هم داره
برای سرخ کردن بادنجان خیلی خوبه چون روغن کم مصرف میکنه و بو خیلی خیلی کم تولید میشه 
البته بازم شستشوی اون کمی سخته چون باید طوری و ته ظرفو تمیز کنید که خوش دست نیست",من این دیجی خریدم ولی پیشنهادات نبود نظر بدم شاید یه مدله شبیه این ولی نکته اینجاس کردن دشواره طوری که اکثر مواقعسیب یا همبرگرو ترجیح میدم تابه کنم ضمن شپا اگر به چیزی نزنین بزنین لذیذ نخواهد شد سالم هست این نکته منفیه خیلیا خودشون میگن بخریم میزنیم سالمه حالی که خوشمزگی هم گرفته میشه ایجوری اپا نکته مثبتی هم داره برای کردن بادنجان خیلی خوبه چون میکنه بو خیلی خیلی تولید میشه البته بازم شستشوی اون کمی سخته چون باید طوری ته ظرفو کنید که خوش نیست
29,حدود 1 سال دارمش ازش راضی ام گوشی خوب و خیلی خوشگل و خوش دست چهار پنج بار خورده زمین خیچیش نشد باطریش یک کم ضعیفه برا بازی اذیت می کنه ولی تا حالا ندیدم هنگ کنه,حدود سال دارمش ازش راضی‌ام خوب خیلی خوشگل خوش چهار پنج بار خورده خیچیش نشد باطریش یک ضعیفه برا اذیت می‌کنه ولی تا حالا ندیدم هنگ کنه
30,"اون دوست عزیز که میگه این  کیفیت نداره و ... !
این مدل رو خیلی ها خریدن 
باید بگم من خودم همین مدل رو خریدم ؛ کیفیت ساختش فوق‌العاده عالی هست اگر مقایسه کنید اولین باری که توی دست می‌گیرید متوجه کیفیتش میشید ! و اونی که میگه کیفیت ساخت پایین واقعا نمی‌دونم این حرف از کجاش در میاره !
سیستم خنک کننده هم فوق العاده هست طوریکه  توی بازی های سبک اصلا روشن نمیشن فن ها ! یعنی بازی هایی مثل Pes و بازی های استراتژیک و ... برای من که اصلا فن ها روشن نمیشن ! توی بازی های سنگین فن ها روشن میشه که هیچ صدایی ندارن ! و تا نگاه نکنید متوجه نمی‌شید فن ها روشن شده  ؛ توی بازی های سنگین مثل بتلفیلد و کالاف دیوتی و ... حرارت کارت نهایت تا ۷۰ می‌ره که سریع با بالارفتن دور فن دمارو پایین میاره و به محض استفاده از قابلیت Cooler boost باز تا ۲۰ درجه دیگه هم دما کاهش پیدا می‌کنه  از نظر کارایی هم توی بازی ها فوق العاده Fps میده و من افت کارایی ندیدم ! حالا اینکه شما چه مشکلی با این برند داشتی که اینجور تخریب می‌کنی این برند رو من نمی‌دونم ! msi توی گیمینگ فوق‌العاده هست ؛ چه مادربرد هاش چه کارت گرافیک ها چه ماوس و پد ماوس ها و هدست هاش ! اگر یکبار محصولات msi از نزدیک توی دستت گرفته باشی متوجه میشی چی میگم !",اون دوست عزیز که میگه این کیفیت نداره ... این خیلی‌ها خریدن باید بگم من خودم همین خریدم ؛ کیفیت ساختش فوق‌العاده عالی هست اگر مقایسه کنید اولین باری که توی می‌گیرید متوجه کیفیتش میشید اونی که میگه کیفیت پایین واقعا نمی‌دونم این حرف کجاش میاره خنک‌کننده هم فوق العاده هست طوریکه توی بازی‌های سبک اصلا نمیشن فن‌ها یعنی بازی‌هایی مثل Pes بازی‌های استراتژیک ... برای من که اصلا فن‌ها نمیشن توی بازی‌های سنگین فن‌ها میشه که هیچ صدایی ندارن تا نگاه نکنید متوجه نمی‌شید فن‌ها روشن‌شده‌؛ توی بازی‌های سنگین مثل بتلفیلد کالاف دیوتی ... حرارت نهایت تا می‌ره که سریع بالارفتن دمارو پایین میاره به محض استفاده قابلیت boost تا درجه دیگه هم دما کاهش پیدا می‌کنه نظر کارایی هم توی بازی‌ها فوق العاده Fps میده من افت کارایی ندیدم حالا اینکه شما چه مشکلی این برند داشتی که اینجور تخریب می‌کنی این برند من نمی‌دونم msi توی گیمینگ فوق‌العاده هست ؛ چه هاش چه گرافیک‌ها چه ماوس‌ها هاش اگر msi نزدیک توی دستت گرفته باشی متوجه میشی چی میگم
31,"کیفیت عالی صدا
شکل ظاهری خیلی خوب
بهترین گزینه در این رنج قیمت",کیفیت عالی شکل ظاهری خیلی خوب بهترین گزینه این رنج قیمت
32,درود . تقریبا دو سال پیش از دیجی تهیه کردم . بر خلاف نطر بعضی از دارندگان این محصول ، اصلا برای دیوار استفاده نکنید. آجرو خوب سوراخ میکرد ، تقریبا بدون مشکل و سریع . ولی یه بار اومدم سقفو سوراخ کنم ، خورد به قسمت تیرچه بلوک و متاسفانه سه نظامش خراب شد . الان هم که لوازم یدکی بسیار گرون هست . ولی به طور کلی دریل خوبی هست .,درود تقریبا سال دیجی تهیه کردم خلاف نطر بعضی دارندگان این محصول اصلا برای دیوار استفاده نکنید آجرو خوب سوراخ میکرد تقریبا بدون مشکل سریع ولی یه بار اومدم سقفو سوراخ کنم خورد به قسمت تیرچه بلوک متاسفانه نظامش خراب شد الان هم که بسیار گرون هست ولی به‌طور کلی خوبی هست
33,"با سلام. من از این دستگاه به این دلیل راضیم که خوب و مرتب میزنه و مدت زمان شارژ باتریش هم بالاست.
اگه توری یدک داشت خیلی بهتر  بود چون یه مرتبه توریش در اثر برخورد پاره شد که مجبور شدم ببرم خدمات درستش کنند.
خدماتشون هم واقعا پیگیر و پاسخگو بودند.
تشکر",سلام من این به این دلیل راضیم که خوب مرتب میزنه مدت زمان شارژ باتریش هم بالاست اگه توری داشت خیلی بهتر‌بود چون یه مرتبه توریش اثر برخورد پاره شد که مجبور شدم ببرم خدمات درستش کنند خدماتشون هم واقعا پیگیر پاسخگو‌بودند تشکر
34,"گوشی را یک سال و نیم استفاده میکنم. بر اثر ضربه شیشه رویی شکسته و جایی برای تعمیر نیست. رفتم نمایندگی اولا حدود یک سوم قیمت گوشی پول تعویض شیشه میشه. در ثانی حدود یک هفته طول می‌کشه گوشی را تعمیر کنه و پس بده. چهارتا پیچ باز و بسته کردن که کار دو ساعته. این همه زمان لازم نداره. 
در کل خدمات پس از فروش این گوشی طولانی و پر هزینه است. برخورد کارکنان مجموعه هم اصلا راضی کننده نیست. انگار ارث پدرشون را از شما میخوان و ناراحت هستن که گوشی را بردی برای تعمیر. 
به نظرم مقداری بیشتر هزینه کنید و یک گوشی بگیرید که لوازمش تو بازار زیاد باشه و برای یک خدمات ساده گوشی این همه اذیت نشید.",را یک سال استفاده میکنم اثر ضربه رویی شکسته جایی برای تعمیر نیست رفتم نمایندگی اولا حدود یک سوم قیمت تعویض میشه ثانی حدود یک هفته می‌کشه را تعمیر کنه پس بده چهارتا کردن که ساعته این زمان لازم نداره کل خدمات پس فروش این طولانی پر هزینه است برخورد کارکنان هم اصلا راضی‌کننده نیست انگار ارث پدرشون را شما میخوان ناراحت هستن که را بردی برای تعمیر به نظرم مقداری بیشتر هزینه کنید یک بگیرید که لوازمش تو بازار زیاد باشه برای یک خدمات ساده این اذیت نشید
35,این موس خیلی قشنگ و خوش دست و البته باکیفیت هست، ولی بنظرم فقط بدرد گیمرها میخوره چون سرعت حرکت موس یا خیلی بالاست یا خیلی پایین (حد متوسط نداره) و برای انجام کارهای روزانه یه کم کار باهاش سخته . نکته دیگه اینکه سیمش جنس خوبی داره و حالا حالاها خراب نمیشه ولی بخاطر همین متفاوت بودنش موس رو یه مقدار این طرف و اون طرف میکشه.,این خیلی قشنگ خوش البته باکیفیت هست ولی بنظرم فقط بدرد گیمرها میخوره چون سرعت حرکت یا خیلی بالاست یا خیلی پایین حد متوسط نداره برای انجام کارهای روزانه یه باهاش سخته نکته دیگه اینکه سیمش جنس خوبی داره حالا حالاها خراب نمیشه ولی بخاطر همین متفاوت بودنش یه مقدار این طرف اون طرف میکشه
36,"واقعا عالیه و بهترین از نظر من. پخش یکنواخت و بوی خاصی که داره. جنس اصل و کره ای میباشد. من تا الان چندتا خریدم 
با تشکر از دیجی کالا",واقعا عالیه بهترین نظر من یکنواخت بوی خاصی که داره جنس اصل کره‌ای می‌باشد من تا الان چندتا خریدم تشکر دیجی کالا
37,سلام ، راستش من این هارد رو خریدم و متاسفانه بعد در موردش توی سایت های خارجی سرچ کردم . این هارد سرعت کپیش روی  40  - 30 هست که فاجعه هست . گارانتی هم تماس گرفتم گفتن طبیعیه . خلاصه فروختمش و یه سیگیت از دیجیکالا خریدم و راضی هستم ، سرعت کپیش بالای صده. زیاد اهل نظر گذاشتن نیستم ولی گفتم شاید برای بقیه سودمند باشه . متشکرم,سلام راستش من این خریدم متاسفانه بعد موردش توی سایت‌های سرچ کردم این سرعت کپیش روی هست که فاجعه هست گارانتی هم تماس گرفتم گفتن طبیعیه خلاصه فروختمش یه سیگیت دیجیکالا خریدم راضی هستم سرعت کپیش بالای صده زیاد اهل نظر گذاشتن نیستم ولی گفتم شاید برای بقیه سودمند باشه متشکرم
38,هم سرعت شارژ و هم محکم ماندن در جای فندک عالیه,هم سرعت شارژ هم محکم ماندن عالیه
39,من 2 سال پیش نظر دادم سال 95 و الان 97 باز میگم این دریل بی نظیره من فکر میکنم بهترین خریدی که میتونستم بکنم توی گذشت 2 سال این دریل بوده و توصیه میکنم عزیزان اگه برای مصارف خونگی میخوان این دریل مناسب نیست چون قیمتش بالاست ولی باقی موارد عالیه و حرفی توش نیست 2 سال پیش توی شگفت انگیز با الان اصلا قابل مقایسه نیست ممنونم از دیجی کالا که واقا عالیه,من سال نظر دادم سال الان میگم این بی‌نظیره من فکر میکنم بهترین خریدی که میتونستم بکنم توی گذشت سال این بوده توصیه میکنم عزیزان اگه برای مصارف خونگی میخوان این مناسب نیست چون قیمتش بالاست ولی باقی موارد عالیه حرفی توش نیست سال توی شگفت‌انگیز الان اصلا قابل مقایسه نیست ممنونم دیجی کالا که واقا عالیه
40,حتما پیشنهاد میدم خیلی عالی,حتما پیشنهاد میدم خیلی عالی
41,"برای من اولین تجربه گجت پوشیدنی بود یک سالی میشه که از دیجی گرفتم و کاملا راضی بودم تا الان صفحه اش ممکنه خش بیفته پس از همون روز اول گلس بندازید 
در کل نسبت به قیمتش محصول با کیفیتی رو دریافت میکنید
حتی الان که نسبت به چند ماه پیش حدودا دوبرابر شده قیمتش بازم ارزش خرید داره",برای من اولین تجربه پوشیدنی‌بود یک سالی میشه که دیجی گرفتم کاملا راضی‌بودم تا الان اش ممکنه خش بیفته پس همون روز اول گلس بندازید کل نسبت به قیمتش محصول کیفیتی دریافت میکنید حتی الان که نسبت به ماه حدودا دوبرابر‌شده‌قیمتش بازم ارزش داره
42,"من این مچبند را حدود ۳ سال پیش خریدم، و حدود یکسال استفاده کردم ولی هنوز دارم و هر وقت سفر می رم استفاده می کنم. نکته جالبش اینه که هنوز آپدیت میگیره در حالی که مثلا یک gear fit 2 هم دارم و خیلی وقته آپدیت نگرفته!! 
یکی از نقاط قوت این مچبند نداشتن کلید هست و صفحه اش با ضربه و لمس روشن میشه و تمام کارها با لمس هست. 
مهمترین نکته این هست که این مچبند ۳ سال پیش خوب بود، ولی الان با توجه به اینکه اکثر مچبندها قابلیت هایی مثل gps و سنسور قلب و ... دارند خرید این مچبند زیاد جالب نیست.
توجه کنید این یک مچبند است و نه ساعت هوشمند، پس کلا زیاد روی خواندن مسج ها و ... روش حساب نکنید.
اگر من باشم الان یک مچبند شیاومی می خریدم. گرچه این مچبند هنچز بعد از ۳ سال کار میکنه بدون مشکل!!",من این مچبند را حدود سال خریدم حدود یکسال استفاده کردم ولی هنوز دارم هر وقت می‌رم استفاده می‌کنم نکته جالبش اینه که هنوز آپدیت میگیره حالی که مثلا یک fit هم دارم خیلی وقته آپدیت نگرفته !! یکی نقاط قوت این مچبند نداشتن هست اش ضربه لمس میشه کارها لمس هست مهمترین نکته این هست که این مچبند سال خوب‌بود ولی الان توجه به اینکه اکثر مچبندها قابلیت‌هایی مثل gps ... دارند این مچبند زیاد جالب نیست توجه کنید این یک مچبند است نه پس کلا زیاد روی خواندن مسج‌ها ... روش نکنید اگر من باشم الان یک مچبند شیاومی می‌خریدم گرچه این مچبند هنچز بعد سال میکنه بدون مشکل !!
43,نسبت به قیمتش خیلی بهتره.ظاهر زیبایی هم داره,نسبت به قیمتش خیلی بهتره ظاهر هم داره
44,"هدست بدی نیست
باتری خوبی داره قشنگ به مدت 3 روز در مجموع 9 ساعت باهاش هم فیلم دیدم و هم اهنگ گوش دادم ولی در فاصله حدود 2 متر وقتی دراز میکشم ، یک سری قطعی جزئی هر چند دقیقه یک بار ایجاد میشه ،هرچند کوتاه هست ولی آزار دهنده می باشد،من حدود یک ماهی میشه ازش استفاده میکنم و هر روز این مشکل بیشتر میشه
امیدوارم گارانتی برام تعویض بکنه
در کل توصیه نمی کنم بگیرید",بدی نیست خوبی داره قشنگ به مدت روز مجموع باهاش هم دیدم هم اهنگ دادم ولی فاصله حدود وقتی دراز میکشم یک سری قطعی جزئی هر دقیقه یک بار ایجاد میشه هرچند کوتاه هست ولی آزار‌دهنده می‌باشد من حدود یک ماهی میشه ازش استفاده میکنم هر روز این مشکل بیشتر میشه امیدوارم گارانتی برام تعویض بکنه کل توصیه نمی‌کنم بگیرید
45,اصلا تأثیری نداشت,اصلا تاثیری نداشت
46,"این دیدگاه بعد از حدود 5  روز از دریافت محصول و حداقل 10 مرتبه استفاده از آن درج شده .
متاسفانه در  زمان خرید به پلاستیکی بودن بدنه داخلی کتری دقت نکردم و با مشاهده تصویر این تصور ایجاد شده بود که بدنه کتری دو لایه هست و لایه داخلی استیل باید باشه . اما این موضوع باعث افت کیفیت چشم گیری در چای نمیشه . زمانی که دستگاه رو باز میکنید بدنه پلاستیکی و لوازم پلاستیکی دیگر از جمله درب کتری و قوری ها شما رو مایوس میکنه .
انتظار داشتم محصول با برند فلیپس حتی زمانی که از پلاستیک استفاده میکنه کیفیت خوبی داشته باشه .
بوی پلاستیک به طور کامل در زمان جوش آمدن آب و یا زمانی که کتری خالی هست کاملا احساس میشه، اما تاثیر زیادی روی طعم چای نمیذاره ، هرچند اگر مثل من خیلی حساس باشید متوجه تفاوت خواهید شد ولی اذیتتون نمیکنه .
علت اینکه به کیفیت ساخت امتیاز پایینی رو دادم در درجه اول بدنه پلاستیکی بود و در درجه دوم نوع طراحی بود ، درب قوری طوری طراحی شده که به راحتی جا نمیره و از نظر خوش ساختی اصلا خوش ساخت نیست .
به هرحال در استفاده از این چای ساز پیشمون نیستم اما از اینکه در خریدم دقت لازم رو نکردم احساس خوبی ندارم و اگر میخواید جنس با کیفیت نسبت به پولی که میدید دریافت کنید این محصول گزینه خوبی نیست و بهتره دنبال کتری با بدنه استیل اما با همین ساختار و شکل بگردید . دم کردن چای با آب بر روی کتری خیلی بهتر از قرار دادن قوری روی گرم کن به صورت مستقیم هست .",این دیدگاه بعد حدود روز دریافت محصول حداقل مرتبه استفاده آن درج‌شده‌. متاسفانه زمان به پلاستیکی بودن بدنه دقت نکردم مشاهده تصویر این تصور ایجاد شده‌بود که بدنه هست استیل باید باشه اما این موضوع باعث افت کیفیت چشم‌گیری نمیشه زمانی که میکنید بدنه پلاستیکی پلاستیکی دیگر جمله قوری‌ها شما مایوس میکنه داشتم محصول برند فلیپس حتی زمانی که پلاستیک استفاده میکنه کیفیت خوبی داشته باشه بوی پلاستیک به‌طور کامل زمان آمدن یا زمانی که خالی هست کاملا احساس میشه اما تاثیر زیادی روی طعم نمیذاره هرچند اگر مثل من خیلی حساس باشید متوجه تفاوت خواهید شد ولی اذیتتون نمیکنه علت اینکه به کیفیت امتیاز پایینی دادم درجه اول بدنه پلاستیکی‌بود درجه دوم نوع طراحی‌بود طوری طراحی‌شده‌که به نمیره نظر خوش ساختی اصلا خوش نیست به هرحال استفاده این پیشمون نیستم اما اینکه خریدم دقت لازم نکردم احساس خوبی ندارم اگر میخواید جنس کیفیت نسبت به که میدید دریافت کنید این محصول گزینه خوبی نیست بهتره دنبال بدنه استیل اما همین ساختار شکل بگردید کردن روی خیلی بهتر قرار دادن روی گرم‌کن به مستقیم هست
47,"کیفیت بدنه خیلی خوبی داره.
وقتی در جای نامناسبی قرار میگیره خود به خود خاموش میشه.
در کل در با کیفیت بودنش شکی نیست.
برای گرم کردن یه اتاق کافیه و تو مدت زمان کمی اتاق رو کاملا گرم میکنه.
من خیلی راضی بودم از این محصول.",کیفیت بدنه خیلی خوبی داره وقتی نامناسبی قرار میگیره خود به خود خاموش میشه کل کیفیت بودنش شکی نیست برای کردن یه کافیه تو مدت زمان کمی کاملا میکنه من خیلی راضی‌بودم این محصول
48,این کتاب راهکارهایی پیش روی ما میگذارد که تاثیر آن شگفت آور است. تکیه نویسنده بر اینست که با تغییر عادت های اشتباه کوچک و مجموع آن ها می توان تاثیرات مثبت فراوانی در زندگی پدید آورد. تاکید فراوانی دارد که با قدم های کوچک برداشتن می توان به اهداف رسید و اشتباهات و تصمیمات اشتباه حتی کوچک در طولانی مدت مخرب بوده و ما را از اهدافمان دور می کند. شاید مفید باشد که به بیوگرافی دارن هاردی که نویسنده خوبی است مراجعه کنید. این هم مهم است که بدانیم نویسنده به حرف های خود ایمان داشته و به آن ها عمل میکند.,این راهکارهایی روی ما میگذارد که تاثیر آن شگفت آور است تکیه نویسنده اینست که تغییر عادت‌های مجموع آن‌ها می‌توان تاثیرات مثبت فراوانی زندگی پدید آورد تاکید فراوانی دارد که قدم‌های برداشتن می‌توان به اهداف رسید اشتباهات تصمیمات حتی طولانی مدت مخرب بوده ما را اهدافمان می‌کند شاید مفید باشد که به بیوگرافی دارن هاردی که نویسنده خوبی است مراجعه کنید این هم مهم است که بدانیم نویسنده به حرف‌های خود ایمان داشته به آن‌ها عمل می‌کند
49,"کی‌بورد بسیار خوبی است. اما مدل پیشرفته همین کی‌بورد یعنی 5050، از لحاظ طراحی ارگونومیک بسیار خوب ظاهر شده و امکان اشتباه تایپ کردن  رو به حداقل می‌رسونه. ولی اگه نمیخواهید برای مدل 5050 زیاد هزینه کنید این مدل بهترینه. برای کپس‌لاک و نام‌لاک و این کلیدها چراغی روی صفحه کلید نیست ولی اگه درایور  کی‌بوردهای مایکروسافت (مشترک بین همه کی‌بوردهای مایکروسافت) رو نصب کنید علاوه بر امکان سفارشی کردن دکمه‌های روی کی‌بورد، موقع روشن و خاموش کردن کپس‌لاک یک پیغام روی صفحه نمایش نشون داده میشه. ضمنا کی‌بوردی که به دست من رسید نه حروف فارسی داره و نه عربی. پس اگه 10 انگشتی تایپ می‌کنید نگران چاپ حروف عربی یا فارسی نباشید (البته باز هم قبل از سفارش تماس بگیرید و مطمئن بشید). یه چیزی که بین همه موس‌های مایکروسفات مشاهده کردم لگ‌های گاه و بیگاه نشان‌گر موس بود. که نتونستم بفهمم مشکل از نویزی بودن محیطه (چون فرکانس وایرلس این کی‌بورد هم مثل فرکانس اکثر دستگاه‌های وایرلس و تلفن‌های بی‌سیم روی 2.4 گیگاهرتزه) یا خود موس مشکل داره یا اینکه مشکل از سیستم منه. ضمنا تمام کلمه‌هایی که تایپ می‌کنید قبل از ارسال توسط کی‌بورد و دریافت توسط دانگل، رمزنگاری می‌شن و بنابراین کسی (مثلا همسایه طبقه بالایی!) نمی‌تونه با اسنیف کردن بسته‌هایی که تو فضا هستن بفهمه چه چیزی تایپ کردین.
 سعی کردم همه چیزی که تو توضیحات محصول وجود نداشت رو عنوان کنم.
به روز رسانی: مشکل لگ موقع تایپ کردن یا حرکت موس، در ویندوز ۷ وجود داشت و در ویندوز ۱۰ به این مشکل نخوردم.",کی‌بورد بسیار خوبی است اما پیشرفته همین کی‌بورد یعنی لحاظ طراحی ارگونومیک بسیار خوب ظاهر‌شده‌و امکان تایپ کردن به حداقل می‌رسونه ولی اگه نمیخواهید برای زیاد هزینه کنید این بهترینه برای کپس‌لاک نام‌لاک این کلیدها چراغی روی نیست ولی اگه درایور کی‌بوردهای مایکروسافت مشترک کی‌بوردهای مایکروسافت نصب کنید علاوه امکان سفارشی کردن دکمه‌های روی کی‌بورد موقع خاموش کردن کپس‌لاک یک پیغام روی نشون داده میشه ضمنا کی‌بوردی که به من رسید نه حروف فارسی داره نه عربی پس اگه انگشتی تایپ می‌کنید نگران چاپ حروف عربی یا فارسی نباشید البته هم قبل سفارش تماس بگیرید مطمئن بشید ). یه چیزی که موس‌های مایکروسفات مشاهده کردم لگ‌های گاه بیگاه نشان‌گر موس‌بود که نتونستم بفهمم مشکل نویزی بودن محیطه چون فرکانس وایرلس این کی‌بورد هم مثل فرکانس اکثر دستگاه‌های وایرلس تلفن‌های روی 2.4 گیگاهرتزه یا خود مشکل داره یا اینکه مشکل منه ضمنا کلمه‌هایی که تایپ می‌کنید قبل ارسال توسط کی‌بورد دریافت توسط رمزنگاری می‌شن بنابراین کسی مثلا همسایه بالایی !) نمی‌تونه اسنیف کردن بسته‌هایی که تو فضا هستن بفهمه چه چیزی تایپ کردین سعی کردم چیزی که تو توضیحات محصول وجود نداشت عنوان کنم به روز‌رسانی مشکل لگ موقع تایپ کردن یا حرکت ویندوز وجود داشت ویندوز به این مشکل نخوردم
